degree,elapsed_time,total_error
50,0.07571291923522949,49.495727012166924
60,0.0666348934173584,0.0017541881344685373
70,0.07542729377746582,1.577951077025297e-07
80,0.0845489501953125,1.354433659117582e-07
90,0.14909720420837402,1.354433659117582e-07
100,0.17031192779541016,1.354433659117582e-07
