degree,elapsed_time,total_error
50,0.07655096054077148,49.495727012166924
60,0.06546711921691895,0.0017541881344685373
70,0.0760040283203125,1.577951077025297e-07
80,0.08668208122253418,1.354433659117582e-07
90,0.1508469581604004,1.354433659117582e-07
100,0.21964716911315918,1.354433659117582e-07
